{
    "data": {
        "inbox": [
            {
                "id": 2,
                "message": "How can I change beard color?",
                "date": "2020-09-25 12:20:20",
                "unread_messages": 1,
                "staff": {
                    "id": 1833,
                    "name": "Tank",
                    "description": "Pro barber",
                    "profile_photo": "staff-1.jpg",
                    "rate": 4.9,
                    "is_online": true
                }
            },
            {
                "id": 1,
                "message": "is this ok with you?",
                "date": "2020-09-22 09:22:23",
                "unread_messages": 0,
                "staff": {
                    "id": 1009,
                    "name": "Joy",
                    "description": "Barber",
                    "profile_photo": ""
                }
            }
        ]
    }
}