{
    "data": {
        "ratings": [
            {
                "review_id": 176,
                "review_date": "2020-07-26",
                "rate": 5.0,
                "comment": "Great service, very sanitary!",
                "location": {
                    "id": 1,
                    "name": "The Barbery",
                    "rate": 4.9,
                    "ratings": 98,
                    "address": "4650 Utah Park",
                    "city": "Los Angeles",
                    "phone": "820-717-3372",
                    "email": "bkelling0@businessinsider.com",
                    "website": "https://codecanyon.net/user/zoranjuric",
                    "description": "Nulla ut erat id mauris vulputate elementum. Nullam varius. Nulla facilisi.\n\nCras non velit nec nisi vulputate nonummy. Maecenas tincidunt lacus at velit. Vivamus vel nulla eget eros elementum pellentesque.",
                    "main_photo": "barber-shop-1.jpg"
                }
            },
            {
                "review_id": 170,
                "review_date": "2020-07-25",
                "rate": 5.0,
                "comment": "Highly recommended!",
                "location": {
                    "id": 4,
                    "name": "Men Culture",
                    "rate": 4.8,
                    "ratings": 97,
                    "address": "00133 Ilene Trail",
                    "city": "Los Angeles",
                    "phone": "820-717-3372",
                    "email": "bkelling0@businessinsider.com",
                    "website": null,
                    "description": "Nulla ut erat id mauris vulputate elementum. Nullam varius. Nulla facilisi.\n\nCras non velit nec nisi vulputate nonummy. Maecenas tincidunt lacus at velit. Vivamus vel nulla eget eros elementum pellentesque.",
                    "main_photo": "barber-shop-2.jpg"
                }
            }
        ]
    }
}