{
    "data": {
        "locations": [
            {
                "id": 6,
                "name": "Thai Massage Center",
                "rate": 4.9,
                "ratings": 99,
                "address": "61427 Vermont Alley",
                "city": "Los Angeles",
                "phone": "393-145-1724",
                "email": "eebrall2@so-net.ne.jp",
                "website": null,
                "description": "Mauris enim leo, rhoncus sed, vestibulum sit amet, cursus id, turpis. Integer aliquet, massa id lobortis convallis, tortor risus dapibus augue, vel accumsan tellus nisi eu orci. Mauris lacinia sapien quis libero.\n\nNullam sit amet turpis elementum ligula vehicula consequat. Morbi a ipsum. Integer a nibh.\n\nIn quis justo. Maecenas rhoncus aliquam lacus. Morbi quis tortor id nulla ultrices aliquet.",
                "main_photo": "spa-2.jpg",
                "coordinates": [
                    37.4181783,
                    -122.082593
                ]
            }
        ]
    }
}