{
    "data": {
        "locations": [
            {
                "id": 3,
                "name": "Studio Hair",
                "rate": 3.6,
                "ratings": 48,
                "address": "13 Pine View Way",
                "city": "Los Angeles",
                "phone": "426-403-7582",
                "email": "eebrall2@so-net.ne.jp",
                "website": "https://codecanyon.net/user/zoranjuric",
                "description": "Mauris enim leo, rhoncus sed, vestibulum sit amet, cursus id, turpis. Integer aliquet, massa id lobortis convallis, tortor risus dapibus augue, vel accumsan tellus nisi eu orci. Mauris lacinia sapien quis libero.\n\nNullam sit amet turpis elementum ligula vehicula consequat. Morbi a ipsum. Integer a nibh.\n\nIn quis justo. Maecenas rhoncus aliquam lacus. Morbi quis tortor id nulla ultrices aliquet.",
                "main_photo": "hair-salon-1.jpg",
                "coordinates": [
                    37.3694937,
                    -121.9793285
                ]
            },
            {
                "id": 5,
                "name": "LA Hair",
                "rate": 5.0,
                "ratings": 100,
                "address": "84 Pawling Center",
                "city": "Los Angeles",
                "phone": "602-626-5154",
                "email": "csilverwood1@shutterfly.com",
                "website": null,
                "description": "Cras mi pede, malesuada in, imperdiet et, commodo vulputate, justo. In blandit ultrices enim. Lorem ipsum dolor sit amet, consectetuer adipiscing elit.\n\nProin interdum mauris non ligula pellentesque ultrices. Phasellus id sapien in sapien iaculis congue. Vivamus metus arcu, adipiscing molestie, hendrerit at, vulputate vitae, nisl.",
                "main_photo": "hair-salon-2.jpg",
                "coordinates": [
                    37.4220041,
                    -122.0862515
                ]
            }
        ]
    }
}