{
    "data": {
        "top_locations": [
            {
                "id": 4,
                "name": "Men Culture",
                "rate": 4.8,
                "ratings": 97,
                "address": "00133 Ilene Trail",
                "city": "Los Angeles",
                "phone": "820-717-3372",
                "email": "bkelling0@businessinsider.com",
                "website": "https://codecanyon.net/user/zoranjuric",
                "description": "Nulla ut erat id mauris vulputate elementum. Nullam varius. Nulla facilisi.\n\nCras non velit nec nisi vulputate nonummy. Maecenas tincidunt lacus at velit. Vivamus vel nulla eget eros elementum pellentesque.",
                "main_photo": "barber-shop-2.jpg"
            },
            {
                "id": 5,
                "name": "LA Hair",
                "rate": 5.0,
                "ratings": 100,
                "address": "84 Pawling Center",
                "city": "Los Angeles",
                "phone": "602-626-5154",
                "email": "csilverwood1@shutterfly.com",
                "website": null,
                "description": "Cras mi pede, malesuada in, imperdiet et, commodo vulputate, justo. In blandit ultrices enim. Lorem ipsum dolor sit amet, consectetuer adipiscing elit.\n\nProin interdum mauris non ligula pellentesque ultrices. Phasellus id sapien in sapien iaculis congue. Vivamus metus arcu, adipiscing molestie, hendrerit at, vulputate vitae, nisl.",
                "main_photo": "hair-salon-2.jpg"
            },
            {
                "id": 6,
                "name": "Thai Massage Center",
                "rate": 4.9,
                "ratings": 99,
                "address": "61427 Vermont Alley",
                "city": "Los Angeles",
                "phone": "393-145-1724",
                "email": "eebrall2@so-net.ne.jp",
                "website": null,
                "description": "Mauris enim leo, rhoncus sed, vestibulum sit amet, cursus id, turpis. Integer aliquet, massa id lobortis convallis, tortor risus dapibus augue, vel accumsan tellus nisi eu orci. Mauris lacinia sapien quis libero.\n\nNullam sit amet turpis elementum ligula vehicula consequat. Morbi a ipsum. Integer a nibh.\n\nIn quis justo. Maecenas rhoncus aliquam lacus. Morbi quis tortor id nulla ultrices aliquet.",
                "main_photo": "spa-2.jpg"
            }
        ]
    }
}