{
    "data": {
        "id": 98,
        "code": "NDJY61A",
        "status": "active",
        "redemption_datetime": "",
        "due_datetime": "2020-12-31 23:59:59",
        "amount": 5,
        "service": "Any hair color and hair cut service.",
        "special_terms": "May not be combined with other vouchers, promotional rates, or special offers.",
        "location": {
            "id": 3,
            "name": "Studio Hair",
            "rate": 3.6,
            "ratings": 48,
            "address": "13 Pine View Way",
            "city": "Los Angeles",
            "phone": "426-403-7582",
            "email": "eebrall2@so-net.ne.jp",
            "website": "https://codecanyon.net/user/zoranjuric",
            "description": "Mauris enim leo, rhoncus sed, vestibulum sit amet, cursus id, turpis. Integer aliquet, massa id lobortis convallis, tortor risus dapibus augue, vel accumsan tellus nisi eu orci. Mauris lacinia sapien quis libero.\n\nNullam sit amet turpis elementum ligula vehicula consequat. Morbi a ipsum. Integer a nibh.\n\nIn quis justo. Maecenas rhoncus aliquam lacus. Morbi quis tortor id nulla ultrices aliquet.",
            "main_photo": "hair-salon-1.jpg"
        }
    }
}